"","Phylum","treatment","avg_rel_ab","soil","trt_soil"
"1","Other","control_ab_pro",6.4723526765632,"dryRGM","control_ab_pro_dryRGM"
"2","Other","latrine_ab_pro",6.22207377417904,"dryRGM","latrine_ab_pro_dryRGM"
"3","Acidobacteriota","control_ab_pro",7.05569950517319,"dryRGM","control_ab_pro_dryRGM"
"4","Acidobacteriota","latrine_ab_pro",5.87093117408907,"dryRGM","latrine_ab_pro_dryRGM"
"5","Actinomycetota","control_ab_pro",42.7912910481332,"dryRGM","control_ab_pro_dryRGM"
"6","Actinomycetota","latrine_ab_pro",18.0566306792623,"dryRGM","latrine_ab_pro_dryRGM"
"7","Bacillota","latrine_ab_pro",1.81843904633378,"dryRGM","latrine_ab_pro_dryRGM"
"8","Bacteroidota","control_ab_pro",12.3102564102564,"dryRGM","control_ab_pro_dryRGM"
"9","Bacteroidota","latrine_ab_pro",28.0958029689609,"dryRGM","latrine_ab_pro_dryRGM"
"10","Chloroflexota","control_ab_pro",4.10334233018444,"dryRGM","control_ab_pro_dryRGM"
"11","Chloroflexota","latrine_ab_pro",2.44442645074224,"dryRGM","latrine_ab_pro_dryRGM"
"12","Cyanobacteriota","control_ab_pro",1.26183985605038,"dryRGM","control_ab_pro_dryRGM"
"13","Gemmatimonadota","control_ab_pro",1.58629779577148,"dryRGM","control_ab_pro_dryRGM"
"14","Gemmatimonadota","latrine_ab_pro",1.37774179037337,"dryRGM","latrine_ab_pro_dryRGM"
"15","Myxococcota","latrine_ab_pro",1.01632028789924,"dryRGM","latrine_ab_pro_dryRGM"
"16","Planctomycetota","control_ab_pro",4.2325371120108,"dryRGM","control_ab_pro_dryRGM"
"17","Planctomycetota","latrine_ab_pro",3.71472784525416,"dryRGM","latrine_ab_pro_dryRGM"
"18","Pseudomonadota","control_ab_pro",17.0730814215025,"dryRGM","control_ab_pro_dryRGM"
"19","Pseudomonadota","latrine_ab_pro",26.3596626180837,"dryRGM","latrine_ab_pro_dryRGM"
"20","Verrucomicrobiota","control_ab_pro",3.11330184435448,"dryRGM","control_ab_pro_dryRGM"
"21","Verrucomicrobiota","latrine_ab_pro",5.02324336482231,"dryRGM","latrine_ab_pro_dryRGM"
"22","Abditibacteriota","control_ab_pro",1.74352439803963,"wetRGM","control_ab_pro_wetRGM"
"23","Acidobacteriota","control_ab_pro",8.92883301370836,"wetRGM","control_ab_pro_wetRGM"
"24","Acidobacteriota","latrine_ab_pro",5.33353789331629,"wetRGM","latrine_ab_pro_wetRGM"
"25","Actinomycetota","control_ab_pro",23.4355394559273,"wetRGM","control_ab_pro_wetRGM"
"26","Actinomycetota","latrine_ab_pro",13.3473883088288,"wetRGM","latrine_ab_pro_wetRGM"
"27","Other","control_ab_pro",5.84655444278713,"wetRGM","control_ab_pro_wetRGM"
"28","Other","latrine_ab_pro",5.40082392215356,"wetRGM","latrine_ab_pro_wetRGM"
"29","Bacillota","latrine_ab_pro",4.42787982101001,"wetRGM","latrine_ab_pro_wetRGM"
"30","Bacteroidota","control_ab_pro",18.9152667092833,"wetRGM","control_ab_pro_wetRGM"
"31","Bacteroidota","latrine_ab_pro",27.3377654662973,"wetRGM","latrine_ab_pro_wetRGM"
"32","Bdellovibrionota","latrine_ab_pro",1.84762838269763,"wetRGM","latrine_ab_pro_wetRGM"
"33","Chloroflexota","control_ab_pro",3.63958803892322,"wetRGM","control_ab_pro_wetRGM"
"34","Chloroflexota","latrine_ab_pro",2.74868101427658,"wetRGM","latrine_ab_pro_wetRGM"
"35","Cyanobacteriota","control_ab_pro",4.8943561332481,"wetRGM","control_ab_pro_wetRGM"
"36","Cyanobacteriota","latrine_ab_pro",1.12003693444137,"wetRGM","latrine_ab_pro_wetRGM"
"37","Gemmatimonadota","control_ab_pro",4.02398465800128,"wetRGM","control_ab_pro_wetRGM"
"38","Gemmatimonadota","latrine_ab_pro",1.28872221038426,"wetRGM","latrine_ab_pro_wetRGM"
"39","Myxococcota","control_ab_pro",2.32287520420484,"wetRGM","control_ab_pro_wetRGM"
"40","Myxococcota","latrine_ab_pro",2.47974714113218,"wetRGM","latrine_ab_pro_wetRGM"
"41","Patescibacteria","latrine_ab_pro",1.07785780240074,"wetRGM","latrine_ab_pro_wetRGM"
"42","Planctomycetota","control_ab_pro",2.97232758008381,"wetRGM","control_ab_pro_wetRGM"
"43","Planctomycetota","latrine_ab_pro",2.46717806662405,"wetRGM","latrine_ab_pro_wetRGM"
"44","Pseudomonadota","control_ab_pro",19.9289409759216,"wetRGM","control_ab_pro_wetRGM"
"45","Pseudomonadota","latrine_ab_pro",27.3123233184175,"wetRGM","latrine_ab_pro_wetRGM"
"46","Verrucomicrobiota","control_ab_pro",3.34820938987144,"wetRGM","control_ab_pro_wetRGM"
"47","Verrucomicrobiota","latrine_ab_pro",3.81042971801975,"wetRGM","latrine_ab_pro_wetRGM"
"48","Acidobacteriota","control_ab_pro",15.2682051282051,"lia","control_ab_pro_lia"
"49","Acidobacteriota","latrine_ab_pro",5.73529014844804,"lia","latrine_ab_pro_lia"
"50","Actinomycetota","control_ab_pro",15.3859109311741,"lia","control_ab_pro_lia"
"51","Actinomycetota","latrine_ab_pro",17.3369500674764,"lia","latrine_ab_pro_lia"
"52","Other","control_ab_pro",5.56114709851552,"lia","control_ab_pro_lia"
"53","Other","latrine_ab_pro",5.24693657219973,"lia","latrine_ab_pro_lia"
"54","Bacillota","latrine_ab_pro",3.21632928475034,"lia","latrine_ab_pro_lia"
"55","Bacteroidota","control_ab_pro",13.5019298245614,"lia","control_ab_pro_lia"
"56","Bacteroidota","latrine_ab_pro",24.092024291498,"lia","latrine_ab_pro_lia"
"57","Bdellovibrionota","latrine_ab_pro",1.22831309041835,"lia","latrine_ab_pro_lia"
"58","Candidatus_Eremiobacterota","control_ab_pro",2.86843454790823,"lia","control_ab_pro_lia"
"59","Chloroflexota","control_ab_pro",8.16591093117409,"lia","control_ab_pro_lia"
"60","Chloroflexota","latrine_ab_pro",2.63515519568151,"lia","latrine_ab_pro_lia"
"61","Gemmatimonadota","control_ab_pro",2.65943319838057,"lia","control_ab_pro_lia"
"62","Gemmatimonadota","latrine_ab_pro",1.97396761133603,"lia","latrine_ab_pro_lia"
"63","Myxococcota","control_ab_pro",3.60165991902834,"lia","control_ab_pro_lia"
"64","Myxococcota","latrine_ab_pro",2.61551956815115,"lia","latrine_ab_pro_lia"
"65","Planctomycetota","control_ab_pro",6.60699055330634,"lia","control_ab_pro_lia"
"66","Planctomycetota","latrine_ab_pro",2.0091363022942,"lia","latrine_ab_pro_lia"
"67","Pseudomonadota","control_ab_pro",21.8768016194332,"lia","control_ab_pro_lia"
"68","Pseudomonadota","latrine_ab_pro",30.899379217274,"lia","latrine_ab_pro_lia"
"69","Verrucomicrobiota","control_ab_pro",4.50357624831309,"lia","control_ab_pro_lia"
"70","Verrucomicrobiota","latrine_ab_pro",3.01099865047233,"lia","latrine_ab_pro_lia"
