Kingdom,Phylum,Class,Order,Family,Genus,sumL,sumC
Bacteria,Bacteroidota,Bacteroidia,Incertae_Sedis,Incertae_Sedis,Incertae_Sedis,1498.044,886.34
Bacteria,Bacteroidota,Bacteroidia,Chitinophagales,Chitinophagaceae,Sediminibacterium,54.678,4.578
Bacteria,Bacteroidota,Bacteroidia,Sphingobacteriales,Sphingobacteriaceae,Pedobacter,449.532,15.622
Bacteria,Bacteroidota,Bacteroidia,Cytophagales,Spirosomataceae,Arcicella,0,0
Bacteria,Bacteroidota,Bacteroidia,Cytophagales,Cytophagaceae,Siphonobacter,2.368,0.808
Bacteria,Bacteroidota,Bacteroidia,Cytophagales,Cytophagaceae,Rhodocytophaga,0,0
Bacteria,Bacteroidota,Bacteroidia,Cytophagales,Hymenobacteraceae,Hymenobacter,12.336,5.55
Bacteria,Bacteroidota,Bacteroidia,Cytophagales,Hymenobacteraceae,Adhaeribacter,2.654,0
Bacteria,Bacteroidota,Bacteroidia,Cytophagales,Spirosomataceae,Runella,0,0
Bacteria,Bacteroidota,Bacteroidia,Cytophagales,Spirosomataceae,Persicitalea,0,0
Bacteria,Bacteroidota,Bacteroidia,Cytophagales,Spirosomataceae,Fibrella,4.754,0.726
Bacteria,Bacteroidota,Bacteroidia,Cytophagales,Spirosomataceae,Huanghella,0,0
Bacteria,Bacteroidota,Bacteroidia,Cytophagales,Spirosomataceae,Spirosoma,21.586,1.298
Bacteria,Bacteroidota,Bacteroidia,Cytophagales,Spirosomataceae,Rudanella,0,0
Bacteria,Bacteroidota,Bacteroidia,Cytophagales,Spirosomataceae,Larkinella,5.968,0
Bacteria,Bacteroidota,Bacteroidia,Cytophagales,Spirosomataceae,Dyadobacter,28.956,0.248
Bacteria,Bacteroidota,Bacteroidia,Cytophagales,Spirosomataceae,Emticicia,3.296,0
Bacteria,Bacteroidota,Bacteroidia,Cytophagales,Cytophagaceae,Sporocytophaga,0,1.536
Bacteria,Bacteroidota,Bacteroidia,Cytophagales,Amoebophilaceae,Candidatus_Amoebophilus,0,0
Bacteria,Bacteroidota,Bacteroidia,Cytophagales,Amoebophilaceae,Candidatus_Cardinium,0,0
Bacteria,Bacteroidota,Bacteroidia,Cytophagales,Amoebophilaceae,Candidatus_Paenicardinium,0,0
Bacteria,Bacteroidota,Bacteroidia,Cytophagales,Cyclobacteriaceae,Lunatibacter,0,0
Bacteria,Bacteroidota,Bacteroidia,Flavobacteriales,Flavobacteriaceae,Flavobacterium,141.74,0.972
Bacteria,Bacteroidota,Bacteroidia,Flavobacteriales,Flavobacteriaceae,Aequorivita,0,0
Bacteria,Bacteroidota,Bacteroidia,Flavobacteriales,Flavobacteriaceae,Confluentibacter,0,0
Bacteria,Bacteroidota,Bacteroidia,Flavobacteriales,Flavobacteriaceae,Arenibacter,0,0
Bacteria,Bacteroidota,Bacteroidia,Flavobacteriales,Flavobacteriaceae,Gelidibacter,0,0
Bacteria,Bacteroidota,Bacteroidia,Flavobacteriales,Blattabacteriaceae,Candidatus_Brownia,0,0
Bacteria,Bacteroidota,Bacteroidia,Flavobacteriales,Weeksellaceae,Moheibacter,0,0
Bacteria,Bacteroidota,Bacteroidia,Flavobacteriales,Weeksellaceae,Cloacibacterium,0,0
Bacteria,Bacteroidota,Bacteroidia,Flavobacteriales,Weeksellaceae,Chryseobacterium,16.926,0.73
Bacteria,Bacteroidota,Bacteroidia,Chitinophagales,Chitinophagaceae,Edaphocola,6.366,5.044
Bacteria,Bacteroidota,Bacteroidia,Chitinophagales,Chitinophagaceae,Edaphobaculum,148.188,3.24
Bacteria,Bacteroidota,Bacteroidia,Chitinophagales,Chitinophagaceae,Nemorincola,67.71,109.016
Bacteria,Bacteroidota,Bacteroidia,Chitinophagales,Chitinophagaceae,Rurimicrobium,23.628,0
Bacteria,Bacteroidota,Bacteroidia,Chitinophagales,Chitinophagaceae,Flavipsychrobacter,1.932,2.588
Bacteria,Bacteroidota,Bacteroidia,Chitinophagales,Chitinophagaceae,Taibaiella,42.846,20.074
Bacteria,Bacteroidota,Bacteroidia,Chitinophagales,Chitinophagaceae,Aurantisolimonas,1.874,2.56
Bacteria,Bacteroidota,Bacteroidia,Chitinophagales,Chitinophagaceae,Panacibacter,1.526,4.388
Bacteria,Bacteroidota,Bacteroidia,Chitinophagales,Chitinophagaceae,Agriterribacter,3.468,0
Bacteria,Bacteroidota,Bacteroidia,Chitinophagales,Chitinophagaceae,Puia,18.334,80.18
Bacteria,Bacteroidota,Bacteroidia,Chitinophagales,Chitinophagaceae,Cnuella,3.99,0
Bacteria,Bacteroidota,Bacteroidia,Chitinophagales,Chitinophagaceae,Flavihumibacter,0,0
Bacteria,Bacteroidota,Bacteroidia,Chitinophagales,Chitinophagaceae,Chitinophaga,1.484,34.324
Bacteria,Bacteroidota,Bacteroidia,Chitinophagales,Chitinophagaceae,Flaviaestuariibacter,0,0
Bacteria,Bacteroidota,Bacteroidia,Chitinophagales,Chitinophagaceae,Flavisolibacter,5.054,2.886
Bacteria,Bacteroidota,Bacteroidia,Chitinophagales,Chitinophagaceae,Ilyomonas,6.826,4.948
Bacteria,Bacteroidota,Bacteroidia,Chitinophagales,Chitinophagaceae,Heliimonas,0,4.26
Bacteria,Bacteroidota,Bacteroidia,Chitinophagales,Chitinophagaceae,Lacibacter,0,13.376
Bacteria,Bacteroidota,Bacteroidia,Chitinophagales,Chitinophagaceae,Parasediminibacterium,0,0
Bacteria,Bacteroidota,Bacteroidia,Chitinophagales,Chitinophagaceae,Parasegetibacter,0,0
Bacteria,Bacteroidota,Bacteroidia,Chitinophagales,Chitinophagaceae,Parafilimonas,12.198,35.392
Bacteria,Bacteroidota,Bacteroidia,Chitinophagales,Chitinophagaceae,Dinghuibacter,0,0
Bacteria,Bacteroidota,Bacteroidia,Chitinophagales,Chitinophagaceae,Ferruginibacter,205.52,72.468
Bacteria,Bacteroidota,Bacteroidia,Chitinophagales,Chitinophagaceae,Segetibacter,25.774,15.872
Bacteria,Bacteroidota,Bacteroidia,Chitinophagales,Chitinophagaceae,Terrimonas,149.614,38.026
Bacteria,Bacteroidota,Bacteroidia,Chitinophagales,Chitinophagaceae,Niabella,0,0
Bacteria,Bacteroidota,Bacteroidia,Chitinophagales,Chitinophagaceae,Arachidicoccus,0,0
Bacteria,Bacteroidota,Bacteroidia,Chitinophagales,Chitinophagaceae,Niastella,2.602,0
Bacteria,Bacteroidota,Bacteroidia,Chitinophagales,Chitinophagaceae,Flavitalea,54.454,5.59
Bacteria,Bacteroidota,Bacteroidia,Bacteroidales,Prolixibacteraceae,WCHB1-32,3.014,0
Bacteria,Bacteroidota,Bacteroidia,Sphingobacteriales,Sphingobacteriaceae,Daejeonella,92.87,0
Bacteria,Bacteroidota,Bacteroidia,Sphingobacteriales,Sphingobacteriaceae,Arcticibacter,25.636,0
Bacteria,Bacteroidota,Bacteroidia,Sphingobacteriales,Sphingobacteriaceae,Mucilaginibacter,73.958,528.17
Bacteria,Bacteroidota,Bacteroidia,Sphingobacteriales,Sphingobacteriaceae,Pseudopedobacter,0,0
Bacteria,Bacteroidota,Bacteroidia,Sphingobacteriales,Sphingobacteriaceae,Sphingobacterium,0,0
Bacteria,Bacteroidota,Bacteroidia,Sphingobacteriales,Sphingobacteriaceae,Albibacterium,23.38,0
Bacteria,Bacteroidota,Bacteroidia,Sphingobacteriales,Sphingobacteriaceae,Solitalea,4.938,0
Bacteria,Bacteroidota,Bacteroidia,Chitinophagales,Saprospiraceae,OLB8,58.644,0
Bacteria,Bacteroidota,Bacteroidia,Chitinophagales,Saprospiraceae,Lewinella,0,0
Bacteria,Bacteroidota,Bacteroidia,Chitinophagales,Saprospiraceae,Phaeodactylibacter,0,0
Bacteria,Bacteroidota,Bacteroidia,Flavobacteriales,Crocinitomicaceae,Fluviicola,4.388,69.72
Bacteria,Bacteroidota,Bacteroidia,Flavobacteriales,Crocinitomicaceae,Crocinitomix,0,0
Bacteria,Bacteroidota,Bacteroidia,Bacteroidales,Barnesiellaceae,Barnesiella,0,0
Bacteria,Bacteroidota,Bacteroidia,Bacteroidales,Bacteroidaceae,Bacteroides,0,0
Bacteria,Bacteroidota,Bacteroidia,Bacteroidales,Dysgonomonadaceae,Fermentimonas,0,0
Bacteria,Bacteroidota,Bacteroidia,Bacteroidales,Dysgonomonadaceae,Dysgonomonas,0,0
Bacteria,Bacteroidota,Bacteroidia,Bacteroidales,Rikenellaceae,Rikenella,0,0
Bacteria,Bacteroidota,Bacteroidia,Cytophagales,Cytophagaceae,Cytophaga,28.508,21.256
Bacteria,Bacteroidota,Bacteroidia,Cytophagales,Microscillaceae,Ohtaekwangia,29.444,0
Bacteria,Bacteroidota,Bacteroidia,Cytophagales,Microscillaceae,OLB12,5.51,0
Bacteria,Bacteroidota,Bacteroidia,Cytophagales,Microscillaceae,Chryseotalea,113.138,6.732
Bacteria,Bacteroidota,Bacteroidia,Cytophagales,Microscillaceae,Chryseolinea,22.084,2.468
Bacteria,Bacteroidota,Bacteroidia,Cytophagales,Microscillaceae,Hassallia,58.7,0
