"Species","species","average","overall","sd","ratio","ava","avb","ord","cusum","p","Comparison","Position","Kingdom","Phylum","Class","Order","Family","Genus","Species.y"
"ASV_5767","ASV_5767",0.00929041835357625,0.922431848852902,0.010727651074643,0.866025403784439,0,68.842,2534,1,0.001,"control_1931-1962_latrine_1931-1962",5767,"Bacteria","Acidobacteriota","Blastocatellia","11-24","Incertae_Sedis","Incertae_Sedis",NA
"ASV_11410","ASV_11410",0.00732968960863698,0.922431848852902,0.00846359653724592,0.866025403784439,0,54.313,8902,1,0.011,"control_1931-1962_latrine_1931-1962",11410,"Bacteria","Actinomycetota","Thermoleophilia","Solirubrobacterales","67-14","Incertae_Sedis",NA
"ASV_25390","ASV_25390",0.00628744939271255,0.922431848852902,0.00726012119879748,0.866025403784439,0,46.59,25017,1,0.001,"control_1931-1962_latrine_1931-1962",25390,"Bacteria","Planctomycetota","Incertae_Sedis","Incertae_Sedis","Incertae_Sedis","Incertae_Sedis",NA
"ASV_2522","ASV_2522",0.00627854251012146,0.922431848852902,0.00724983641667426,0.866025403784439,0,46.524,4386,0.955565146403481,0.001,"control_1931-1962_latrine_1931-1962",2522,"Bacteria","Pseudomonadota","Gammaproteobacteria","Legionellales","Legionellaceae","Legionella",NA
"ASV_6406","ASV_6406",0.00488502024291498,0.922431848852902,0.00564073550448747,0.866025403784439,0,36.198,3242,1,0.01,"control_1931-1962_latrine_1931-1962",6406,"Bacteria","Acidobacteriota","Holophagae","Subgroup_7","Incertae_Sedis","Incertae_Sedis",NA
"ASV_26902","ASV_26902",0.00457341430499325,0.922431848852902,0.00528092396020708,0.866025403784439,0,33.889,26704,1,0.001,"control_1931-1962_latrine_1931-1962",26902,"Bacteria","Pseudomonadota","Alphaproteobacteria","Micropepsales","Micropepsaceae","Incertae_Sedis",NA
"ASV_5947","ASV_5947",0.00408218623481781,0.922431848852902,0.0047137026431085,0.866025403784439,0,30.249,2725,1,0.001,"control_1931-1962_latrine_1931-1962",5947,"Bacteria","Acidobacteriota","Blastocatellia","Incertae_Sedis","Incertae_Sedis","Incertae_Sedis",NA
"ASV_25120","ASV_25120",0.00350404858299595,0.922431848852902,0.00249748792558762,1.40302923873856,25.965,0,24705,1,0.009,"control_1931-1962_latrine_1931-1962",25120,"Bacteria","Pseudomonadota","Alphaproteobacteria","Hyphomicrobiales","Xanthobacteraceae","Rhodoplanes",NA
"ASV_7240","ASV_7240",0.00332307692307692,0.922431848852902,0.00383715871215259,0.866025403784439,24.624,0,4153,1,0.012,"control_1931-1962_latrine_1931-1962",7240,"Bacteria","Acidobacteriota","Subgroup_25","Incertae_Sedis","Incertae_Sedis","Incertae_Sedis",NA
"ASV_11961","ASV_11961",0.00325398110661269,0.922431848852902,0.00317260577188791,1.0256493685556,24.112,4.188,9515,1,0.017,"control_1931-1962_latrine_1931-1962",11961,"Bacteria","Actinomycetota","Thermoleophilia","Solirubrobacterales","Solirubrobacteraceae","Incertae_Sedis",NA
"ASV_11958","ASV_11958",0.0386823661718399,0.899117813765182,0.016641388848486,2.32446741819623,309.743333333333,23.107,9773,1,0.017,"control_1984-2024_control_1931-1962",11958,"Bacteria","Actinomycetota","Thermoleophilia","Solirubrobacterales","Solirubrobacteraceae","Incertae_Sedis",NA
"ASV_22406","ASV_22406",0.0140791273054431,0.899117813765182,0.0086573502054817,1.62626288313119,109.861333333333,5.535,21630,1,0.024,"control_1984-2024_control_1931-1962",22406,"Bacteria","Actinomycetota","Acidimicrobiia","Acidimicrobiales","Acidimicrobiaceae","Incertae_Sedis",NA
"ASV_25120","ASV_25120",0.00350404858299595,0.899117813765182,0.00225906282753196,1.55110718493126,0,25.965,24848,1,0.005,"control_1984-2024_control_1931-1962",25120,"Bacteria","Pseudomonadota","Alphaproteobacteria","Hyphomicrobiales","Xanthobacteraceae","Rhodoplanes",NA
"ASV_7240","ASV_7240",0.00332307692307692,0.899117813765182,0.00347084064797822,0.957427107756338,0,24.624,4379,1,0.013,"control_1984-2024_control_1931-1962",7240,"Bacteria","Acidobacteriota","Subgroup_25","Incertae_Sedis","Incertae_Sedis","Incertae_Sedis",NA
"ASV_11961","ASV_11961",0.00325398110661269,0.899117813765182,0.00339867242137958,0.957427107756338,0,24.112,9777,1,0.008,"control_1984-2024_control_1931-1962",11961,"Bacteria","Actinomycetota","Thermoleophilia","Solirubrobacterales","Solirubrobacteraceae","Incertae_Sedis",NA
"ASV_6419","ASV_6419",0.00320526315789474,0.899117813765182,0.00334778818348484,0.957427107756338,0,23.751,3502,1,0.001,"control_1984-2024_control_1931-1962",6419,"Bacteria","Acidobacteriota","Holophagae","Subgroup_7","Incertae_Sedis","Incertae_Sedis",NA
"ASV_5620","ASV_5620",0.00294197031039136,0.899117813765182,0.00307278777314511,0.957427107756338,0,21.8,2628,1,0.001,"control_1984-2024_control_1931-1962",5620,"Bacteria","Verrucomicrobiota","Verrucomicrobiia","Chthoniobacterales","Chthoniobacteraceae","Candidatus_Udaeobacter",NA
"ASV_22273","ASV_22273",0.00277692307692308,0.899117813765182,0.00265186106110771,1.04716009358467,2.999,20.577,21488,1,0.012,"control_1984-2024_control_1931-1962",22273,"Bacteria","Actinomycetota","Acidimicrobiia","Acidimicrobiales","Acidimicrobiaceae","Incertae_Sedis",NA
"ASV_23893","ASV_23893",0.0027663967611336,0.899117813765182,0.00265034993112145,1.0437854747592,0,20.499,23448,1,0.019,"control_1984-2024_control_1931-1962",23893,"Bacteria","Actinomycetota","Thermoleophilia","Gaiellales","Incertae_Sedis","Incertae_Sedis",NA
"ASV_26628","ASV_26628",0.00249649122807018,0.899117813765182,0.00150749840521959,1.65604900106447,0,18.499,26427,1,0.005,"control_1984-2024_control_1931-1962",26628,"Bacteria","Pseudomonadota","Alphaproteobacteria","Sphingomonadales","Sphingomonadaceae","Incertae_Sedis",NA
"ASV_22406","ASV_22406",0.0143652271704903,0.947509311740891,0.00865429889566058,1.65989496592189,109.861333333333,3.415,21426,1,0.02,"control_1984-2024_latrine_1931-1962",22406,"Bacteria","Actinomycetota","Acidimicrobiia","Acidimicrobiales","Acidimicrobiaceae","Incertae_Sedis",NA
"ASV_5767","ASV_5767",0.00929041835357625,0.947509311740891,0.00970352549903008,0.957427107756338,0,68.842,2485,1,0.001,"control_1984-2024_latrine_1931-1962",5767,"Bacteria","Acidobacteriota","Blastocatellia","11-24","Incertae_Sedis","Incertae_Sedis",NA
"ASV_11931","ASV_11931",0.0088370220422852,0.947509311740891,0.00571204857395893,1.54708454031237,65.4823333333333,0,9494,1,0.025,"control_1984-2024_latrine_1931-1962",11931,"Bacteria","Actinomycetota","Thermoleophilia","Solirubrobacterales","Solirubrobacteraceae","Incertae_Sedis",NA
"ASV_11410","ASV_11410",0.00732968960863698,0.947509311740891,0.00765561111572617,0.957427107756338,0,54.313,8896,1,0.006,"control_1984-2024_latrine_1931-1962",11410,"Bacteria","Actinomycetota","Thermoleophilia","Solirubrobacterales","67-14","Incertae_Sedis",NA
"ASV_25390","ASV_25390",0.00628744939271255,0.947509311740891,0.00656702671334086,0.957427107756338,0,46.59,25021,1,0.001,"control_1984-2024_latrine_1931-1962",25390,"Bacteria","Planctomycetota","Incertae_Sedis","Incertae_Sedis","Incertae_Sedis","Incertae_Sedis",NA
"ASV_2522","ASV_2522",0.00627854251012146,0.947509311740891,0.00655772377788088,0.957427107756338,0,46.524,16527,0.96789423339321,0.001,"control_1984-2024_latrine_1931-1962",2522,"Bacteria","Pseudomonadota","Gammaproteobacteria","Legionellales","Legionellaceae","Legionella",NA
"ASV_26592","ASV_26592",0.0049834008097166,0.947509311740891,0.00489686789113919,1.01767107475658,0,36.927,26347,1,0.015,"control_1984-2024_latrine_1931-1962",26592,"Bacteria","Pseudomonadota","Alphaproteobacteria","Sphingomonadales","Sphingomonadaceae","Incertae_Sedis",NA
"ASV_6406","ASV_6406",0.00488502024291498,0.947509311740891,0.00510223723909664,0.957427107756338,0,36.198,3204,1,0.003,"control_1984-2024_latrine_1931-1962",6406,"Bacteria","Acidobacteriota","Holophagae","Subgroup_7","Incertae_Sedis","Incertae_Sedis",NA
"ASV_26902","ASV_26902",0.00457341430499325,0.947509311740891,0.00477677545156489,0.957427107756338,0,33.889,26701,1,0.001,"control_1984-2024_latrine_1931-1962",26902,"Bacteria","Pseudomonadota","Alphaproteobacteria","Micropepsales","Micropepsaceae","Incertae_Sedis",NA
"ASV_5947","ASV_5947",0.00408218623481781,0.947509311740891,0.00426370446559021,0.957427107756338,0,30.249,2682,1,0.001,"control_1984-2024_latrine_1931-1962",5947,"Bacteria","Acidobacteriota","Blastocatellia","Incertae_Sedis","Incertae_Sedis","Incertae_Sedis",NA
"ASV_11958","ASV_11958",0.0342865047233468,0.961728939871045,0.017475344708596,1.96199304191588,309.743333333333,55.6803333333333,8421,1,0.003,"control_1984-2024_latrine_1984-2024",11958,"Bacteria","Actinomycetota","Thermoleophilia","Solirubrobacterales","Solirubrobacteraceae","Incertae_Sedis",NA
"ASV_11930","ASV_11930",0.0246079622132254,0.961728939871045,0.0305689345256608,0.804999015996728,182.793,0.448,8387,1,0.001,"control_1984-2024_latrine_1984-2024",11930,"Bacteria","Actinomycetota","Thermoleophilia","Solirubrobacterales","Solirubrobacteraceae","Incertae_Sedis",NA
"ASV_19307","ASV_19307",0.0197219073324336,0.961728939871045,0.0149603416276749,1.31827920934308,146.139333333333,0,16962,1,0.001,"control_1984-2024_latrine_1984-2024",19307,"Bacteria","Bacteroidota","Bacteroidia","Chitinophagales","Chitinophagaceae","Incertae_Sedis",NA
"ASV_22406","ASV_22406",0.0148260908681961,0.961728939871045,0.00840301210593221,1.76437813980174,109.861333333333,0,20783,1,0.001,"control_1984-2024_latrine_1984-2024",22406,"Bacteria","Actinomycetota","Acidimicrobiia","Acidimicrobiales","Acidimicrobiaceae","Incertae_Sedis",NA
"ASV_22927","ASV_22927",0.01132040785725,0.961728939871045,0.0139349229414059,0.812376782049704,0.584333333333333,84.079,21484,1,0.003,"control_1984-2024_latrine_1984-2024",22927,"Bacteria","Actinomycetota","Actinobacteria","Micrococcales","Micrococcaceae","Paenarthrobacter",NA
"ASV_21602","ASV_21602",0.00939338731443995,0.961728939871045,0.00585056140663742,1.60555315320393,0,69.605,19796,1,0.001,"control_1984-2024_latrine_1984-2024",21602,"Bacteria","Bacteroidota","Bacteroidia","Cytophagales","Microscillaceae","Hassallia",NA
"ASV_26593","ASV_26593",0.0093476383265857,0.961728939871045,0.016613394862917,0.562656723909614,69.266,5.37566666666667,26213,1,0.05,"control_1984-2024_latrine_1984-2024",26593,"Bacteria","Pseudomonadota","Alphaproteobacteria","Sphingomonadales","Sphingomonadaceae","Incertae_Sedis",NA
"ASV_11931","ASV_11931",0.0088370220422852,0.961728939871045,0.00554644664646213,1.59327630924242,65.4823333333333,0,8388,1,0.001,"control_1984-2024_latrine_1984-2024",11931,"Bacteria","Actinomycetota","Thermoleophilia","Solirubrobacterales","Solirubrobacteraceae","Incertae_Sedis",NA
"ASV_26722","ASV_26722",0.00637228969860549,0.961728939871045,0.00561780987641301,1.13430141617292,47.2186666666667,0,26358,1,0.001,"control_1984-2024_latrine_1984-2024",26722,"Bacteria","Pseudomonadota","Alphaproteobacteria","Sphingomonadales","Sphingomonadaceae","Incertae_Sedis",NA
"ASV_11969","ASV_11969",0.00567413405308142,0.961728939871045,0.0128677265229398,0.440958551844098,42.0453333333333,0,8435,1,0.001,"control_1984-2024_latrine_1984-2024",11969,"Bacteria","Actinomycetota","Thermoleophilia","Solirubrobacterales","Solirubrobacteraceae","Incertae_Sedis",NA
"ASV_7240","ASV_7240",0.00332307692307692,0.825119703103914,0.0031754109503491,1.04650294876372,3.013,24.624,4396,1,0.009,"control_LIA-1931_control_1931-1962",7240,"Bacteria","Acidobacteriota","Subgroup_25","Incertae_Sedis","Incertae_Sedis","Incertae_Sedis",NA
"ASV_11961","ASV_11961",0.00325398110661269,0.825119703103914,0.00302153114024781,1.07693118342173,5.2235,24.112,9804,1,0.01,"control_LIA-1931_control_1931-1962",11961,"Bacteria","Actinomycetota","Thermoleophilia","Solirubrobacterales","Solirubrobacteraceae","Incertae_Sedis",NA
"ASV_6419","ASV_6419",0.00320526315789474,0.825119703103914,0.00342657044894035,0.935414346693485,0,23.751,3513,1,0.001,"control_LIA-1931_control_1931-1962",6419,"Bacteria","Acidobacteriota","Holophagae","Subgroup_7","Incertae_Sedis","Incertae_Sedis",NA
"ASV_25120","ASV_25120",0.00316875843454791,0.825119703103914,0.00228424951788098,1.38722079603959,3.348,25.965,24843,1,0.011,"control_LIA-1931_control_1931-1962",25120,"Bacteria","Pseudomonadota","Alphaproteobacteria","Hyphomicrobiales","Xanthobacteraceae","Rhodoplanes",NA
"ASV_5620","ASV_5620",0.00294197031039136,0.825119703103914,0.00314509855529871,0.935414346693485,0,21.8,2648,1,0.001,"control_LIA-1931_control_1931-1962",5620,"Bacteria","Verrucomicrobiota","Verrucomicrobiia","Chthoniobacterales","Chthoniobacteraceae","Candidatus_Udaeobacter",NA
"ASV_22273","ASV_22273",0.00277692307692308,0.825119703103914,0.00282368076551519,0.983440872933248,1.0595,20.577,21460,1,0.01,"control_LIA-1931_control_1931-1962",22273,"Bacteria","Actinomycetota","Acidimicrobiia","Acidimicrobiales","Acidimicrobiaceae","Incertae_Sedis",NA
"ASV_1221","ASV_1221",0.00225485829959514,0.825119703103914,0.00131042788930578,1.72070383879703,19.5275,5.638,6408,0.82550595447894,0.04,"control_LIA-1931_control_1931-1962",1221,"Bacteria","Pseudomonadota","Gammaproteobacteria","Burkholderiales","Nitrosomonadaceae","Ellin6067",NA
"ASV_26628","ASV_26628",0.0022331983805668,0.825119703103914,0.00142361436653265,1.56868210455474,4.8275,18.499,26440,1,0.015,"control_LIA-1931_control_1931-1962",26628,"Bacteria","Pseudomonadota","Alphaproteobacteria","Sphingomonadales","Sphingomonadaceae","Incertae_Sedis",NA
"ASV_6512","ASV_6512",0.00221470985155196,0.825119703103914,0.00236762442160583,0.935414346693485,0,16.411,3612,1,0.001,"control_LIA-1931_control_1931-1962",6512,"Bacteria","Acidobacteriota","Thermoanaerobaculia","Thermoanaerobaculales","Thermoanaerobaculaceae","Subgroup_10",NA
"ASV_17909","ASV_17909",0.00217705802968961,0.825119703103914,0.00201559084872382,1.08010910600632,4.069,16.132,16445,1,0.013,"control_LIA-1931_control_1931-1962",17909,"Bacteria","Chloroflexota","KD4-96","Incertae_Sedis","Incertae_Sedis","Incertae_Sedis",NA
"ASV_11958","ASV_11958",0.0302493477282951,0.871824876293297,0.018866244972559,1.60335815485767,85.6125,309.743333333333,9752,1,0.014,"control_LIA-1931_control_1984-2024",11958,"Bacteria","Actinomycetota","Thermoleophilia","Solirubrobacterales","Solirubrobacteraceae","Incertae_Sedis",NA
"ASV_22406","ASV_22406",0.0131715024741341,0.871824876293297,0.00844409471581001,1.55984778918607,13.026,109.861333333333,21570,1,0.007,"control_LIA-1931_control_1984-2024",22406,"Bacteria","Actinomycetota","Acidimicrobiia","Acidimicrobiales","Acidimicrobiaceae","Incertae_Sedis",NA
"ASV_22891","ASV_22891",0.0101059379217274,0.871824876293297,0.00800281286208227,1.26279823055839,90.1885,15.4716666666667,22129,1,0.001,"control_LIA-1931_control_1984-2024",22891,"Bacteria","Actinomycetota","Actinobacteria","Micrococcales","Micrococcaceae","Incertae_Sedis",NA
"ASV_11931","ASV_11931",0.00771309041835358,0.871824876293297,0.00507712039740967,1.51918603748077,20.446,65.4823333333333,9724,1,0.018,"control_LIA-1931_control_1984-2024",11931,"Bacteria","Actinomycetota","Thermoleophilia","Solirubrobacterales","Solirubrobacteraceae","Incertae_Sedis",NA
"ASV_26722","ASV_26722",0.00587429149797571,0.871824876293297,0.00540398763007321,1.08702904227339,6.3145,47.2186666666667,26560,1,0.03,"control_LIA-1931_control_1984-2024",26722,"Bacteria","Pseudomonadota","Alphaproteobacteria","Sphingomonadales","Sphingomonadaceae","Incertae_Sedis",NA
"ASV_23105","ASV_23105",0.00357723796671165,0.871824876293297,0.0029391149570632,1.21711400165377,4.2405,28.0936666666667,22369,1,0.028,"control_LIA-1931_control_1984-2024",23105,"Bacteria","Actinomycetota","Actinobacteria","Frankiales","Incertae_Sedis","Incertae_Sedis",NA
"ASV_23192","ASV_23192",0.0034695681511471,0.871824876293297,0.0061387189826143,0.565194165260439,25.7095,0,22503,1,0.001,"control_LIA-1931_control_1984-2024",23192,"Bacteria","Actinomycetota","Actinobacteria","Pseudonocardiales","Pseudonocardiaceae","Crossiella",NA
"ASV_26743","ASV_26743",0.00344185784975259,0.871824876293297,0.00235290072261806,1.46281473615378,7.576,31.9346666666667,26583,1,0.022,"control_LIA-1931_control_1984-2024",26743,"Bacteria","Pseudomonadota","Alphaproteobacteria","Sphingomonadales","Sphingomonadaceae","Sphingomonas",NA
"ASV_23590","ASV_23590",0.0033663967611336,0.871824876293297,0.00271357658907205,1.24057554693335,0.5755,25.3286666666667,23022,1,0.023,"control_LIA-1931_control_1984-2024",23590,"Bacteria","Actinomycetota","Actinobacteria","Propionibacteriales","Nocardioidaceae","Nocardioides",NA
"ASV_22402","ASV_22402",0.00318268106162843,0.871824876293297,0.00403524952410065,0.788719766304356,18.852,9.46333333333333,21564,1,0.032,"control_LIA-1931_control_1984-2024",22402,"Bacteria","Actinomycetota","Acidimicrobiia","Acidimicrobiales","Acidimicrobiaceae","Incertae_Sedis",NA
"ASV_5767","ASV_5767",0.00929041835357625,0.920928879892038,0.00993187498825108,0.935414346693485,0,68.842,2353,1,0.001,"control_LIA-1931_latrine_1931-1962",5767,"Bacteria","Acidobacteriota","Blastocatellia","11-24","Incertae_Sedis","Incertae_Sedis",NA
"ASV_11410","ASV_11410",0.00732968960863698,0.920928879892038,0.00707556964492581,1.03591512435941,6.6345,54.313,8837,1,0.006,"control_LIA-1931_latrine_1931-1962",11410,"Bacteria","Actinomycetota","Thermoleophilia","Solirubrobacterales","67-14","Incertae_Sedis",NA
"ASV_25390","ASV_25390",0.00628744939271255,0.920928879892038,0.0067215661326315,0.935414346693485,0,46.59,25019,1,0.001,"control_LIA-1931_latrine_1931-1962",25390,"Bacteria","Planctomycetota","Incertae_Sedis","Incertae_Sedis","Incertae_Sedis","Incertae_Sedis",NA
"ASV_2522","ASV_2522",0.00627854251012146,0.920928879892038,0.00671204427462004,0.935414346693485,0,46.524,9072,0.95638835283803,0.001,"control_LIA-1931_latrine_1931-1962",2522,"Bacteria","Pseudomonadota","Gammaproteobacteria","Legionellales","Legionellaceae","Legionella",NA
"ASV_6406","ASV_6406",0.00488502024291498,0.920928879892038,0.00522230630755516,0.935414346693485,0,36.198,3054,1,0.006,"control_LIA-1931_latrine_1931-1962",6406,"Bacteria","Acidobacteriota","Holophagae","Subgroup_7","Incertae_Sedis","Incertae_Sedis",NA
"ASV_26592","ASV_26592",0.00483589743589744,0.920928879892038,0.00466525930620438,1.03657634409863,3.7375,36.927,26349,1,0.025,"control_LIA-1931_latrine_1931-1962",26592,"Bacteria","Pseudomonadota","Alphaproteobacteria","Sphingomonadales","Sphingomonadaceae","Incertae_Sedis",NA
"ASV_26902","ASV_26902",0.00457341430499325,0.920928879892038,0.00488918554773018,0.935414346693485,0,33.889,26717,1,0.001,"control_LIA-1931_latrine_1931-1962",26902,"Bacteria","Pseudomonadota","Alphaproteobacteria","Micropepsales","Micropepsaceae","Incertae_Sedis",NA
"ASV_5947","ASV_5947",0.00408218623481781,0.920928879892038,0.00436404065134085,0.935414346693485,0,30.249,2554,1,0.001,"control_LIA-1931_latrine_1931-1962",5947,"Bacteria","Acidobacteriota","Blastocatellia","Incertae_Sedis","Incertae_Sedis","Incertae_Sedis",NA
"ASV_20193","ASV_20193",0.0032531713900135,0.920928879892038,0.0034777865033959,0.935414346693485,0,24.106,18651,1,0.011,"control_LIA-1931_latrine_1931-1962",20193,"Bacteria","Bacteroidota","Bacteroidia","Sphingobacteriales","AKYH767","Incertae_Sedis",NA
"ASV_2523","ASV_2523",0.00289554655870445,0.920928879892038,0.0030954694771784,0.935414346693485,0,21.456,11940,0.956458398879381,0.001,"control_LIA-1931_latrine_1931-1962",2523,"Bacteria","Pseudomonadota","Gammaproteobacteria","Legionellales","Legionellaceae","Legionella",NA
"ASV_22891","ASV_22891",0.0101882141250562,0.964837629329735,0.00794217060094889,1.28279970765662,90.1885,15.7903333333333,21313,1,0.002,"control_LIA-1931_latrine_1984-2024",22891,"Bacteria","Actinomycetota","Actinobacteria","Micrococcales","Micrococcaceae","Incertae_Sedis",NA
"ASV_21602","ASV_21602",0.00939338731443995,0.964837629329735,0.005892804275836,1.59404366321115,0,69.605,19677,1,0.002,"control_LIA-1931_latrine_1984-2024",21602,"Bacteria","Bacteroidota","Bacteroidia","Cytophagales","Microscillaceae","Hassallia",NA
"ASV_23192","ASV_23192",0.0034695681511471,0.964837629329735,0.0061387189826143,0.565194165260439,25.7095,0,21745,1,0.001,"control_LIA-1931_latrine_1984-2024",23192,"Bacteria","Actinomycetota","Actinobacteria","Pseudonocardiales","Pseudonocardiaceae","Crossiella",NA
"ASV_21960","ASV_21960",0.0030608636977058,0.964837629329735,0.00230994206398864,1.32508245354887,0,22.681,20122,1,0.014,"control_LIA-1931_latrine_1984-2024",21960,"Bacteria","Bacillota","Bacilli","Bacillales","Planococcaceae","Incertae_Sedis",NA
"ASV_17965","ASV_17965",0.00298448043184885,0.964837629329735,0.00528045159573368,0.565194165260439,22.115,0,15324,1,0.001,"control_LIA-1931_latrine_1984-2024",17965,"Bacteria","Chloroflexota","Anaerolineae","Incertae_Sedis","Incertae_Sedis","Incertae_Sedis",NA
"ASV_19869","ASV_19869",0.0029165991902834,0.964837629329735,0.00271243498974039,1.07526971201715,0,21.612,17531,1,0.022,"control_LIA-1931_latrine_1984-2024",19869,"Bacteria","Bacteroidota","Bacteroidia","Chitinophagales","Chitinophagaceae","Terrimonas",NA
"ASV_24525","ASV_24525",0.00284865047233468,0.964837629329735,0.00177736425862426,1.60273869495926,21.1085,0,23530,1,0.002,"control_LIA-1931_latrine_1984-2024",24525,"Bacteria","Pseudomonadota","Alphaproteobacteria","Hyphomicrobiales","Hyphomicrobiales_Incertae_Sedis","Incertae_Sedis",NA
"ASV_6858","ASV_6858",0.00284649122807018,0.964837629329735,0.0024449916626138,1.16421306117141,0.6595,21.752,2225,1,0.02,"control_LIA-1931_latrine_1984-2024",6858,"Bacteria","Verrucomicrobiota","Verrucomicrobiia","Pedosphaerales","Pedosphaeraceae","Incertae_Sedis",NA
"ASV_11521","ASV_11521",0.00284188034188034,0.964837629329735,0.00140946734927403,2.01627965581757,2.072,22.4396666666667,7739,1,0.004,"control_LIA-1931_latrine_1984-2024",11521,"Bacteria","Actinomycetota","Thermoleophilia","Solirubrobacterales","67-14","Incertae_Sedis",NA
"ASV_780","ASV_780",0.00277993702204229,0.964837629329735,0.00221980926261993,1.2523314812919,0,20.5993333333333,6484,0.679732261803658,0.004,"control_LIA-1931_latrine_1984-2024",780,"Bacteria","Pseudomonadota","Gammaproteobacteria","Burkholderiales","Methylophilaceae","Incertae_Sedis",NA
"ASV_5754","ASV_5754",0.0107837381916329,0.939011943319838,0.0192905373184415,0.559016994374947,0,79.9075,1613,1,0.001,"control_LIA-1931_latrine_LIA-1931",5754,"Bacteria","Acidobacteriota","Blastocatellia","11-24","Incertae_Sedis","Incertae_Sedis",NA
"ASV_24608","ASV_24608",0.0102854925775978,0.939011943319838,0.0111505703234901,0.922418520237492,8.292,79.5,23903,1,0.043,"control_LIA-1931_latrine_LIA-1931",24608,"Bacteria","Pseudomonadota","Alphaproteobacteria","Hyphomicrobiales","Xanthobacteraceae","Incertae_Sedis",NA
"ASV_22891","ASV_22891",0.00941825236167341,0.939011943319838,0.00798957586510886,1.17881756437206,90.1885,23.1105,21721,1,0.007,"control_LIA-1931_latrine_LIA-1931",22891,"Bacteria","Actinomycetota","Actinobacteria","Micrococcales","Micrococcaceae","Incertae_Sedis",NA
"ASV_23672","ASV_23672",0.00518461538461538,0.939011943319838,0.00804127035213518,0.644750786576741,0,38.418,22681,1,0.015,"control_LIA-1931_latrine_LIA-1931",23672,"Bacteria","Actinomycetota","Actinobacteria","Streptosporangiales","Streptosporangiaceae","Streptosporangium",NA
"ASV_25388","ASV_25388",0.00432753036437247,0.939011943319838,0.00700170784843914,0.6180678283138,0,32.067,24839,1,0.001,"control_LIA-1931_latrine_LIA-1931",25388,"Bacteria","Planctomycetota","Incertae_Sedis","Incertae_Sedis","Incertae_Sedis","Incertae_Sedis",NA
"ASV_20559","ASV_20559",0.00413151147098516,0.939011943319838,0.00601243881260369,0.687160668034475,0,30.6145,18685,1,0.001,"control_LIA-1931_latrine_LIA-1931",20559,"Bacteria","Bacteroidota","Bacteroidia","Sphingobacteriales","Sphingobacteriaceae","Mucilaginibacter",NA
"ASV_21981","ASV_21981",0.00358144399460189,0.939011943319838,0.00385785106203945,0.928352063624915,0,26.5385,20511,1,0.001,"control_LIA-1931_latrine_LIA-1931",21981,"Bacteria","Bacillota","Bacilli","Bacillales","Bacillaceae","Niallia",NA
"ASV_23192","ASV_23192",0.0034695681511471,0.939011943319838,0.00620655219082654,0.559016994374947,25.7095,0,22077,1,0.001,"control_LIA-1931_latrine_LIA-1931",23192,"Bacteria","Actinomycetota","Actinobacteria","Pseudonocardiales","Pseudonocardiaceae","Crossiella",NA
"ASV_5764","ASV_5764",0.00317004048582996,0.939011943319838,0.0056707408141938,0.559016994374947,0,23.49,1623,1,0.001,"control_LIA-1931_latrine_LIA-1931",5764,"Bacteria","Acidobacteriota","Blastocatellia","11-24","Incertae_Sedis","Incertae_Sedis",NA
"ASV_18624","ASV_18624",0.00302860998650472,0.939011943319838,0.00541774224572743,0.559016994374947,0,22.442,16407,1,0.001,"control_LIA-1931_latrine_LIA-1931",18624,"Bacteria","Bacteroidota","Bacteroidia","Flavobacteriales","Flavobacteriaceae","Flavobacterium",NA
"ASV_25120","ASV_25120",0.00350404858299595,0.97064628879892,0.00225906282753196,1.55110718493126,0,25.965,24299,1,0.01,"latrine_1984-2024_control_1931-1962",25120,"Bacteria","Pseudomonadota","Alphaproteobacteria","Hyphomicrobiales","Xanthobacteraceae","Rhodoplanes",NA
"ASV_7240","ASV_7240",0.00332307692307692,0.97064628879892,0.00347084064797822,0.957427107756338,0,24.624,2850,1,0.009,"latrine_1984-2024_control_1931-1962",7240,"Bacteria","Acidobacteriota","Subgroup_25","Incertae_Sedis","Incertae_Sedis","Incertae_Sedis",NA
"ASV_11961","ASV_11961",0.00325398110661269,0.97064628879892,0.00339867242137958,0.957427107756338,0,24.112,8357,1,0.006,"latrine_1984-2024_control_1931-1962",11961,"Bacteria","Actinomycetota","Thermoleophilia","Solirubrobacterales","Solirubrobacteraceae","Incertae_Sedis",NA
"ASV_6419","ASV_6419",0.00320526315789474,0.97064628879892,0.00334778818348484,0.957427107756338,0,23.751,1923,1,0.001,"latrine_1984-2024_control_1931-1962",6419,"Bacteria","Acidobacteriota","Holophagae","Subgroup_7","Incertae_Sedis","Incertae_Sedis",NA
"ASV_11521","ASV_11521",0.00302829509671615,0.97064628879892,0.00154578787846288,1.95906252009653,22.4396666666667,0,7844,1,0.011,"latrine_1984-2024_control_1931-1962",11521,"Bacteria","Actinomycetota","Thermoleophilia","Solirubrobacterales","67-14","Incertae_Sedis",NA
"ASV_5620","ASV_5620",0.00294197031039136,0.97064628879892,0.00307278777314511,0.957427107756338,0,21.8,980,1,0.001,"latrine_1984-2024_control_1931-1962",5620,"Bacteria","Verrucomicrobiota","Verrucomicrobiia","Chthoniobacterales","Chthoniobacteraceae","Candidatus_Udaeobacter",NA
"ASV_22273","ASV_22273",0.00277692307692308,0.97064628879892,0.00290040156000032,0.957427107756338,0,20.577,20582,1,0.012,"latrine_1984-2024_control_1931-1962",22273,"Bacteria","Actinomycetota","Acidimicrobiia","Acidimicrobiales","Acidimicrobiaceae","Incertae_Sedis",NA
"ASV_23893","ASV_23893",0.0027663967611336,0.97064628879892,0.00265034993112145,1.0437854747592,0,20.499,22744,1,0.011,"latrine_1984-2024_control_1931-1962",23893,"Bacteria","Actinomycetota","Thermoleophilia","Gaiellales","Incertae_Sedis","Incertae_Sedis",NA
"ASV_23285","ASV_23285",0.00266356275303644,0.97064628879892,0.00116792932761714,2.28058555432524,19.737,0,21941,1,0.021,"latrine_1984-2024_control_1931-1962",23285,"Bacteria","Actinomycetota","Actinobacteria","Mycobacteriales","Mycobacteriaceae","Mycobacterium",NA
"ASV_23906","ASV_23906",0.00264102564102564,0.97064628879892,0.00103657253594996,2.54784450622675,0,19.57,22762,1,0.003,"latrine_1984-2024_control_1931-1962",23906,"Bacteria","Actinomycetota","Thermoleophilia","Gaiellales","Incertae_Sedis","Incertae_Sedis",NA
"ASV_5767","ASV_5767",0.00929041835357625,0.908776383265857,0.00970352549903008,0.957427107756338,0,68.842,1312,1,0.001,"latrine_1984-2024_latrine_1931-1962",5767,"Bacteria","Acidobacteriota","Blastocatellia","11-24","Incertae_Sedis","Incertae_Sedis",NA
"ASV_11410","ASV_11410",0.00732968960863698,0.908776383265857,0.00765561111572617,0.957427107756338,0,54.313,7856,1,0.004,"latrine_1984-2024_latrine_1931-1962",11410,"Bacteria","Actinomycetota","Thermoleophilia","Solirubrobacterales","67-14","Incertae_Sedis",NA
"ASV_25390","ASV_25390",0.00628744939271255,0.908776383265857,0.00656702671334086,0.957427107756338,0,46.59,24566,1,0.001,"latrine_1984-2024_latrine_1931-1962",25390,"Bacteria","Planctomycetota","Incertae_Sedis","Incertae_Sedis","Incertae_Sedis","Incertae_Sedis",NA
"ASV_2522","ASV_2522",0.00627854251012146,0.908776383265857,0.00655772377788088,0.957427107756338,0,46.524,27733,0.933098288450126,0.001,"latrine_1984-2024_latrine_1931-1962",2522,"Bacteria","Pseudomonadota","Gammaproteobacteria","Legionellales","Legionellaceae","Legionella",NA
"ASV_26592","ASV_26592",0.00488506522717049,0.908776383265857,0.00443028755921834,1.10265195246884,4.66133333333333,36.927,26202,1,0.031,"latrine_1984-2024_latrine_1931-1962",26592,"Bacteria","Pseudomonadota","Alphaproteobacteria","Sphingomonadales","Sphingomonadaceae","Incertae_Sedis",NA
"ASV_6406","ASV_6406",0.00488502024291498,0.908776383265857,0.00510223723909664,0.957427107756338,0,36.198,2061,1,0.002,"latrine_1984-2024_latrine_1931-1962",6406,"Bacteria","Acidobacteriota","Holophagae","Subgroup_7","Incertae_Sedis","Incertae_Sedis",NA
"ASV_26902","ASV_26902",0.00457341430499325,0.908776383265857,0.00477677545156489,0.957427107756338,0,33.889,26600,1,0.001,"latrine_1984-2024_latrine_1931-1962",26902,"Bacteria","Pseudomonadota","Alphaproteobacteria","Micropepsales","Micropepsaceae","Incertae_Sedis",NA
"ASV_5947","ASV_5947",0.00408218623481781,0.908776383265857,0.00426370446559021,0.957427107756338,0,30.249,1531,1,0.001,"latrine_1984-2024_latrine_1931-1962",5947,"Bacteria","Acidobacteriota","Blastocatellia","Incertae_Sedis","Incertae_Sedis","Incertae_Sedis",NA
"ASV_20193","ASV_20193",0.0032531713900135,0.908776383265857,0.00339782669997413,0.957427107756338,0,24.106,17870,1,0.004,"latrine_1984-2024_latrine_1931-1962",20193,"Bacteria","Bacteroidota","Bacteroidia","Sphingobacteriales","AKYH767","Incertae_Sedis",NA
"ASV_2523","ASV_2523",0.00289554655870445,0.908776383265857,0.00302429974589915,0.957427107756338,0,21.456,2412,0.933165756686966,0.001,"latrine_1984-2024_latrine_1931-1962",2523,"Bacteria","Pseudomonadota","Gammaproteobacteria","Legionellales","Legionellaceae","Legionella",NA
"ASV_25120","ASV_25120",0.00350404858299595,0.943034817813765,0.00231222452044827,1.51544478142487,0,25.965,24533,1,0.007,"latrine_LIA-1931_control_1931-1962",25120,"Bacteria","Pseudomonadota","Alphaproteobacteria","Hyphomicrobiales","Xanthobacteraceae","Rhodoplanes",NA
"ASV_7240","ASV_7240",0.00332307692307692,0.943034817813765,0.00355251866172823,0.935414346693485,0,24.624,3443,1,0.007,"latrine_LIA-1931_control_1931-1962",7240,"Bacteria","Acidobacteriota","Subgroup_25","Incertae_Sedis","Incertae_Sedis","Incertae_Sedis",NA
"ASV_11961","ASV_11961",0.00325398110661269,0.943034817813765,0.00347865212685149,0.935414346693485,0,24.112,8905,1,0.008,"latrine_LIA-1931_control_1931-1962",11961,"Bacteria","Actinomycetota","Thermoleophilia","Solirubrobacterales","Solirubrobacteraceae","Incertae_Sedis",NA
"ASV_6419","ASV_6419",0.00320526315789474,0.943034817813765,0.00342657044894035,0.935414346693485,0,23.751,2530,1,0.001,"latrine_LIA-1931_control_1931-1962",6419,"Bacteria","Acidobacteriota","Holophagae","Subgroup_7","Incertae_Sedis","Incertae_Sedis",NA
"ASV_5620","ASV_5620",0.00294197031039136,0.943034817813765,0.00314509855529871,0.935414346693485,0,21.8,1634,1,0.001,"latrine_LIA-1931_control_1931-1962",5620,"Bacteria","Verrucomicrobiota","Verrucomicrobiia","Chthoniobacterales","Chthoniobacteraceae","Candidatus_Udaeobacter",NA
"ASV_22273","ASV_22273",0.00277692307692308,0.943034817813765,0.00296865564093493,0.935414346693485,0,20.577,21002,1,0.009,"latrine_LIA-1931_control_1931-1962",22273,"Bacteria","Actinomycetota","Acidimicrobiia","Acidimicrobiales","Acidimicrobiaceae","Incertae_Sedis",NA
"ASV_23893","ASV_23893",0.0027663967611336,0.943034817813765,0.0027127196392331,1.01978719847204,0,20.499,23039,1,0.012,"latrine_LIA-1931_control_1931-1962",23893,"Bacteria","Actinomycetota","Thermoleophilia","Gaiellales","Incertae_Sedis","Incertae_Sedis",NA
"ASV_23906","ASV_23906",0.00264102564102564,0.943034817813765,0.00106096581539755,2.48926553777421,0,19.57,23056,1,0.006,"latrine_LIA-1931_control_1931-1962",23906,"Bacteria","Actinomycetota","Thermoleophilia","Gaiellales","Incertae_Sedis","Incertae_Sedis",NA
"ASV_26628","ASV_26628",0.00249649122807018,0.943034817813765,0.00154297380958347,1.61797381949348,0,18.499,26308,1,0.007,"latrine_LIA-1931_control_1931-1962",26628,"Bacteria","Pseudomonadota","Alphaproteobacteria","Sphingomonadales","Sphingomonadaceae","Incertae_Sedis",NA
"ASV_1288","ASV_1288",0.00231228070175439,0.943034817813765,0.00189744661464626,1.21862754077298,0,17.134,23667,0.780635508182157,0.015,"latrine_LIA-1931_control_1931-1962",1288,"Bacteria","Pseudomonadota","Gammaproteobacteria","Burkholderiales","TRA3-20","Incertae_Sedis",NA
"ASV_11958","ASV_11958",0.0388061178587494,0.960683805668016,0.0161974072443704,2.39582281739795,22.19,309.743333333333,8896,1,0.001,"latrine_LIA-1931_control_1984-2024",11958,"Bacteria","Actinomycetota","Thermoleophilia","Solirubrobacterales","Solirubrobacteraceae","Incertae_Sedis",NA
"ASV_19307","ASV_19307",0.0190355375618534,0.960683805668016,0.0150855839247501,1.26183631053371,5.086,146.139333333333,17259,1,0.008,"latrine_LIA-1931_control_1984-2024",19307,"Bacteria","Bacteroidota","Bacteroidia","Chitinophagales","Chitinophagaceae","Incertae_Sedis",NA
"ASV_22406","ASV_22406",0.0136220422852002,0.960683805668016,0.00855264604048024,1.59272840483824,8.922,109.861333333333,21147,1,0.006,"latrine_LIA-1931_control_1984-2024",22406,"Bacteria","Actinomycetota","Acidimicrobiia","Acidimicrobiales","Acidimicrobiaceae","Incertae_Sedis",NA
"ASV_5754","ASV_5754",0.0107837381916329,0.960683805668016,0.0190797054436396,0.565194165260439,79.9075,0,1739,1,0.001,"latrine_LIA-1931_control_1984-2024",5754,"Bacteria","Acidobacteriota","Blastocatellia","11-24","Incertae_Sedis","Incertae_Sedis",NA
"ASV_24608","ASV_24608",0.0104796221322537,0.960683805668016,0.011399317232338,0.919320159151701,79.5,3.692,23942,1,0.009,"latrine_LIA-1931_control_1984-2024",24608,"Bacteria","Pseudomonadota","Alphaproteobacteria","Hyphomicrobiales","Xanthobacteraceae","Incertae_Sedis",NA
"ASV_11931","ASV_11931",0.0088370220422852,0.960683805668016,0.00558649371270395,1.58185482643423,0,65.4823333333333,8868,1,0.004,"latrine_LIA-1931_control_1984-2024",11931,"Bacteria","Actinomycetota","Thermoleophilia","Solirubrobacterales","Solirubrobacteraceae","Incertae_Sedis",NA
"ASV_26722","ASV_26722",0.00637228969860549,0.960683805668016,0.00565837220732413,1.12617011838798,0,47.2186666666667,26407,1,0.024,"latrine_LIA-1931_control_1984-2024",26722,"Bacteria","Pseudomonadota","Alphaproteobacteria","Sphingomonadales","Sphingomonadaceae","Incertae_Sedis",NA
"ASV_23672","ASV_23672",0.00518461538461538,0.960683805668016,0.0079533849772416,0.651875320942093,38.418,0,22752,1,0.01,"latrine_LIA-1931_control_1984-2024",23672,"Bacteria","Actinomycetota","Actinobacteria","Streptosporangiales","Streptosporangiaceae","Streptosporangium",NA
"ASV_22408","ASV_22408",0.00446734143049933,0.960683805668016,0.00317237700506682,1.4082000415979,0,33.103,21149,1,0.011,"latrine_LIA-1931_control_1984-2024",22408,"Bacteria","Actinomycetota","Acidimicrobiia","Acidimicrobiales","Acidimicrobiaceae","Incertae_Sedis",NA
"ASV_25388","ASV_25388",0.00432753036437247,0.960683805668016,0.0069251841535242,0.624897514410531,32.067,0,24853,1,0.001,"latrine_LIA-1931_control_1984-2024",25388,"Bacteria","Planctomycetota","Incertae_Sedis","Incertae_Sedis","Incertae_Sedis","Incertae_Sedis",NA
"ASV_5767","ASV_5767",0.00929041835357625,0.825713360323887,0.00993187498825108,0.935414346693485,0,68.842,2157,1,0.001,"latrine_LIA-1931_latrine_1931-1962",5767,"Bacteria","Acidobacteriota","Blastocatellia","11-24","Incertae_Sedis","Incertae_Sedis",NA
"ASV_11410","ASV_11410",0.00732968960863698,0.825713360323887,0.00783576779054764,0.935414346693485,0,54.313,8598,1,0.004,"latrine_LIA-1931_latrine_1931-1962",11410,"Bacteria","Actinomycetota","Thermoleophilia","Solirubrobacterales","67-14","Incertae_Sedis",NA
"ASV_25390","ASV_25390",0.00628744939271255,0.825713360323887,0.0067215661326315,0.935414346693485,0,46.59,24820,1,0.001,"latrine_LIA-1931_latrine_1931-1962",25390,"Bacteria","Planctomycetota","Incertae_Sedis","Incertae_Sedis","Incertae_Sedis","Incertae_Sedis",NA
"ASV_2522","ASV_2522",0.00627854251012146,0.825713360323887,0.00671204427462004,0.935414346693485,0,46.524,16697,0.948016568015617,0.001,"latrine_LIA-1931_latrine_1931-1962",2522,"Bacteria","Pseudomonadota","Gammaproteobacteria","Legionellales","Legionellaceae","Legionella",NA
"ASV_6406","ASV_6406",0.00488502024291498,0.825713360323887,0.00472056328898306,1.03483841733798,4.362,36.198,2878,1,0.006,"latrine_LIA-1931_latrine_1931-1962",6406,"Bacteria","Acidobacteriota","Holophagae","Subgroup_7","Incertae_Sedis","Incertae_Sedis",NA
"ASV_26592","ASV_26592",0.00483589743589744,0.825713360323887,0.00426940322184815,1.13268697862744,9.4555,36.927,26278,1,0.035,"latrine_LIA-1931_latrine_1931-1962",26592,"Bacteria","Pseudomonadota","Alphaproteobacteria","Sphingomonadales","Sphingomonadaceae","Incertae_Sedis",NA
"ASV_26902","ASV_26902",0.00457341430499325,0.825713360323887,0.00488918554773018,0.935414346693485,0,33.889,26653,1,0.001,"latrine_LIA-1931_latrine_1931-1962",26902,"Bacteria","Pseudomonadota","Alphaproteobacteria","Micropepsales","Micropepsaceae","Incertae_Sedis",NA
"ASV_5947","ASV_5947",0.00408218623481781,0.825713360323887,0.00436404065134085,0.935414346693485,0,30.249,2360,1,0.001,"latrine_LIA-1931_latrine_1931-1962",5947,"Bacteria","Acidobacteriota","Blastocatellia","Incertae_Sedis","Incertae_Sedis","Incertae_Sedis",NA
"ASV_20193","ASV_20193",0.0032531713900135,0.825713360323887,0.00295101396943446,1.10239105057064,4.0665,24.106,18328,1,0.008,"latrine_LIA-1931_latrine_1931-1962",20193,"Bacteria","Bacteroidota","Bacteroidia","Sphingobacteriales","AKYH767","Incertae_Sedis",NA
"ASV_2523","ASV_2523",0.00289554655870445,0.825713360323887,0.0030954694771784,0.935414346693485,0,21.456,9945,0.948087581735239,0.001,"latrine_LIA-1931_latrine_1931-1962",2523,"Bacteria","Pseudomonadota","Gammaproteobacteria","Legionellales","Legionellaceae","Legionella",NA
"ASV_5754","ASV_5754",0.0107837381916329,0.889073211875843,0.0190797054436396,0.565194165260439,79.9075,0,723,1,0.001,"latrine_LIA-1931_latrine_1984-2024",5754,"Bacteria","Acidobacteriota","Blastocatellia","11-24","Incertae_Sedis","Incertae_Sedis",NA
"ASV_24608","ASV_24608",0.0105887539361224,0.889073211875843,0.0114956558010447,0.921109166748024,79.5,2.07466666666667,23517,1,0.009,"latrine_LIA-1931_latrine_1984-2024",24608,"Bacteria","Pseudomonadota","Alphaproteobacteria","Hyphomicrobiales","Xanthobacteraceae","Incertae_Sedis",NA
"ASV_21602","ASV_21602",0.00918211875843455,0.889073211875843,0.00590464794210471,1.55506625432465,1.5655,69.605,19479,1,0.004,"latrine_LIA-1931_latrine_1984-2024",21602,"Bacteria","Bacteroidota","Bacteroidia","Cytophagales","Microscillaceae","Hassallia",NA
"ASV_23672","ASV_23672",0.00516268556005398,0.889073211875843,0.00790953599072481,0.65271661524874,38.418,0.649666666666667,22306,1,0.011,"latrine_LIA-1931_latrine_1984-2024",23672,"Bacteria","Actinomycetota","Actinobacteria","Streptosporangiales","Streptosporangiaceae","Streptosporangium",NA
"ASV_25388","ASV_25388",0.00432753036437247,0.889073211875843,0.0069251841535242,0.624897514410531,32.067,0,24439,1,0.001,"latrine_LIA-1931_latrine_1984-2024",25388,"Bacteria","Planctomycetota","Incertae_Sedis","Incertae_Sedis","Incertae_Sedis","Incertae_Sedis",NA
"ASV_20559","ASV_20559",0.00413151147098516,0.889073211875843,0.00594672712577674,0.69475383410089,30.6145,0,18080,1,0.001,"latrine_LIA-1931_latrine_1984-2024",20559,"Bacteria","Bacteroidota","Bacteroidia","Sphingobacteriales","Sphingobacteriaceae","Mucilaginibacter",NA
"ASV_18919","ASV_18919",0.00367748538011696,0.889073211875843,0.00608163686700674,0.604686774389235,26.3385,1.82333333333333,16183,1,0.049,"latrine_LIA-1931_latrine_1984-2024",18919,"Bacteria","Bacteroidota","Bacteroidia","Chitinophagales","Chitinophagaceae","Incertae_Sedis",NA
"ASV_21981","ASV_21981",0.00356551956815115,0.889073211875843,0.00380085949324655,0.938082445427524,26.5385,0.236,19969,1,0.004,"latrine_LIA-1931_latrine_1984-2024",21981,"Bacteria","Bacillota","Bacilli","Bacillales","Bacillaceae","Niallia",NA
"ASV_5764","ASV_5764",0.00317004048582996,0.889073211875843,0.00560876364385188,0.565194165260439,23.49,0,744,1,0.001,"latrine_LIA-1931_latrine_1984-2024",5764,"Bacteria","Acidobacteriota","Blastocatellia","11-24","Incertae_Sedis","Incertae_Sedis",NA
"ASV_18624","ASV_18624",0.00302860998650472,0.889073211875843,0.00535853017008616,0.565194165260439,22.442,0,15870,1,0.001,"latrine_LIA-1931_latrine_1984-2024",18624,"Bacteria","Bacteroidota","Bacteroidia","Flavobacteriales","Flavobacteriaceae","Flavobacterium",NA
